entropy,block_alignment,magic_bytes,length_pattern,charset_purity,window_variance,label,detected_type
2.455244,0.000000,0.000000,0.949225,0.914962,0.134304,1,hash
3.955293,0.000000,0.000000,0.926788,0.918321,0.094371,1,hash
4.171188,0.000000,0.000000,0.865856,0.936945,0.086812,1,hash
4.487895,0.000000,0.000000,0.956576,0.953219,0.269082,1,hash
3.539737,0.000000,0.000000,0.916035,0.906667,0.107104,1,hash
3.239615,0.000000,0.000000,0.804146,0.987689,0.197126,1,hash
2.554654,0.000000,0.000000,0.907936,0.914286,0.072944,1,hash
3.292741,0.000000,0.000000,0.973272,0.982288,0.105749,1,hash
4.410942,0.000000,0.000000,0.993256,0.967475,0.210777,1,hash
2.902228,0.000000,0.000000,0.884043,0.979337,0.202706,1,hash
3.383611,0.000000,0.000000,0.804844,0.918097,0.246960,1,hash
2.590621,0.000000,0.000000,0.891741,0.981043,0.292489,1,hash
2.732830,0.000000,0.000000,0.875887,0.933450,0.244530,1,hash
3.755410,0.000000,0.000000,0.833784,0.948962,0.005760,1,hash
4.304219,0.000000,0.000000,0.844836,0.960096,0.124857,1,hash
3.598625,0.000000,0.000000,0.923225,0.912512,0.225494,1,hash
2.079469,0.000000,0.000000,0.959016,0.931490,0.203864,1,hash
3.890012,0.000000,0.000000,0.832757,0.995922,0.152557,1,hash
2.151095,0.000000,0.000000,0.997517,0.914279,0.041317,1,hash
3.298911,0.000000,0.000000,0.991027,0.964213,0.021074,1,hash
3.334882,0.000000,0.000000,0.827900,0.986011,0.258759,1,hash
2.437111,0.000000,0.000000,0.820361,0.998121,0.137251,1,hash
3.141485,0.000000,0.000000,0.891131,0.918617,0.249346,1,hash
2.688949,0.000000,0.000000,0.929293,0.903724,0.088036,1,hash
3.024185,0.000000,0.000000,0.965151,0.992325,0.039580,1,hash
4.235991,0.000000,0.000000,0.946209,0.960459,0.223024,1,hash
2.101451,0.000000,0.000000,0.909229,0.909449,0.241100,1,hash
2.563289,0.000000,0.000000,0.838430,0.956732,0.132620,1,hash
4.449879,0.000000,0.000000,0.867868,0.901329,0.179976,1,hash
2.518673,0.000000,0.000000,0.841382,0.952304,0.238660,1,hash
3.669951,0.000000,0.000000,0.830634,0.911823,0.009786,1,hash
3.217012,0.000000,0.000000,0.952972,0.913000,0.027449,1,hash
2.525798,0.000000,0.000000,0.840382,0.950289,0.289268,1,hash
2.775100,0.000000,0.000000,0.859089,0.993317,0.037728,1,hash
2.477010,0.000000,0.000000,0.822332,0.971342,0.023412,1,hash
3.808567,0.000000,0.000000,0.977500,0.904027,0.152043,1,hash
2.575289,0.000000,0.000000,0.815534,0.996444,0.021762,1,hash
3.280933,0.000000,0.000000,0.978999,0.915781,0.045154,1,hash
4.308409,0.000000,0.000000,0.851790,0.922484,0.190718,1,hash
3.770668,0.000000,0.000000,0.971256,0.955668,0.264911,1,hash
2.675688,0.000000,0.000000,0.917979,0.978437,0.232299,1,hash
2.336520,0.000000,0.000000,0.822597,0.953194,0.225888,1,hash
3.469591,0.000000,0.000000,0.875457,0.933293,0.218149,1,hash
3.411597,0.000000,0.000000,0.802861,0.939510,0.270521,1,hash
3.310941,0.000000,0.000000,0.983503,0.901955,0.145404,1,hash
2.065467,0.000000,0.000000,0.830779,0.928095,0.027866,1,hash
4.417838,0.000000,0.000000,0.906691,0.913418,0.272284,1,hash
3.970398,0.000000,0.000000,0.973582,0.976865,0.059668,1,hash
2.079756,0.000000,0.000000,0.892001,0.944743,0.296777,1,hash
2.601806,0.000000,0.000000,0.998873,0.964773,0.141707,1,hash
4.305296,0.000000,0.000000,0.870516,0.959277,0.291070,1,hash
3.891296,0.000000,0.000000,0.836736,0.985170,0.174362,1,hash
2.207390,0.000000,0.000000,0.929263,0.936646,0.264741,1,hash
3.554113,0.000000,0.000000,0.802025,0.948022,0.054739,1,hash
3.022820,0.000000,0.000000,0.967181,0.971680,0.247057,1,hash
3.023235,0.000000,0.000000,0.937956,0.907276,0.114123,1,hash
3.514652,0.000000,0.000000,0.938395,0.909206,0.106302,1,hash
2.064003,0.000000,0.000000,0.943609,0.912613,0.106205,1,hash
4.258669,0.000000,0.000000,0.920176,0.919358,0.000081,1,hash
4.200386,0.000000,0.000000,0.937706,0.922988,0.041162,1,hash
2.427067,0.000000,0.000000,0.906598,0.941152,0.189541,1,hash
2.512084,0.000000,0.000000,0.937289,0.975434,0.069556,1,hash
2.206308,0.000000,0.000000,0.923612,0.944237,0.014822,1,hash
2.177766,0.000000,0.000000,0.987749,0.900930,0.234891,1,hash
3.381150,0.000000,0.000000,0.810027,0.973586,0.126822,1,hash
2.891947,0.000000,0.000000,0.928040,0.978981,0.057872,1,hash
3.717288,0.000000,0.000000,0.956549,0.909021,0.245963,1,hash
4.026413,0.000000,0.000000,0.963435,0.958807,0.126960,1,hash
4.243950,0.000000,0.000000,0.806598,0.924364,0.088605,1,hash
3.904210,0.000000,0.000000,0.939801,0.914915,0.091294,1,hash
3.529386,0.000000,0.000000,0.950688,0.934053,0.161129,1,hash
4.347822,0.000000,0.000000,0.904175,0.925294,0.144605,1,hash
3.804295,0.000000,0.000000,0.953792,0.924286,0.232106,1,hash
3.191389,0.000000,0.000000,0.976155,0.956497,0.064075,1,hash
4.454549,0.000000,0.000000,0.851767,0.997831,0.199808,1,hash
3.710455,0.000000,0.000000,0.866413,0.947067,0.026745,1,hash
3.176975,0.000000,0.000000,0.961097,0.944001,0.071064,1,hash
3.496163,0.000000,0.000000,0.882005,0.988708,0.191886,1,hash
4.323934,0.000000,0.000000,0.805679,0.918798,0.120685,1,hash
2.386000,0.000000,0.000000,0.816435,0.992175,0.126369,1,hash
3.467009,0.000000,0.000000,0.937667,0.953455,0.009403,1,hash
3.340784,0.000000,0.000000,0.845138,0.988593,0.294068,1,hash
3.653799,0.000000,0.000000,0.907868,0.953219,0.063006,1,hash
4.188063,0.000000,0.000000,0.854464,0.982359,0.087900,1,hash
4.434620,0.000000,0.000000,0.822763,0.912635,0.257254,1,hash
2.733370,0.000000,0.000000,0.999753,0.996309,0.194962,1,hash
2.745174,0.000000,0.000000,0.800795,0.909760,0.041155,1,hash
3.803892,0.000000,0.000000,0.901490,0.967154,0.082950,1,hash
4.259384,0.000000,0.000000,0.935792,0.913983,0.121248,1,hash
3.417645,0.000000,0.000000,0.966390,0.976074,0.026323,1,hash
3.594250,0.000000,0.000000,0.923240,0.963529,0.258297,1,hash
3.826135,0.000000,0.000000,0.891613,0.985918,0.255089,1,hash
3.190173,0.000000,0.000000,0.977413,0.904197,0.084265,1,hash
2.818508,0.000000,0.000000,0.810616,0.974733,0.238402,1,hash
4.319106,0.000000,0.000000,0.963299,0.995230,0.268783,1,hash
2.992204,0.000000,0.000000,0.922977,0.948171,0.033031,1,hash
3.698491,0.000000,0.000000,0.922705,0.914724,0.209125,1,hash
4.486723,0.000000,0.000000,0.815247,0.996924,0.030295,1,hash
3.241920,0.000000,0.000000,0.945722,0.952015,0.156893,1,hash
3.638549,0.000000,0.000000,0.841058,0.981286,0.070135,1,hash
4.421047,0.000000,0.000000,0.810065,0.902744,0.048590,1,hash
2.552009,0.000000,0.000000,0.975043,0.958011,0.091506,1,hash
3.116229,0.000000,0.000000,0.890465,0.962937,0.178813,1,hash
3.138181,0.000000,0.000000,0.834711,0.976582,0.224486,1,hash
2.205775,0.000000,0.000000,0.893257,0.928229,0.260599,1,hash
3.647429,0.000000,0.000000,0.887348,0.914575,0.127580,1,hash
4.432270,0.000000,0.000000,0.809744,0.989143,0.052029,1,hash
3.565988,0.000000,0.000000,0.913035,0.941870,0.024761,1,hash
2.100453,0.000000,0.000000,0.820845,0.916219,0.127547,1,hash
4.278222,0.000000,0.000000,0.844844,0.900829,0.111012,1,hash
2.435964,0.000000,0.000000,0.929728,0.962125,0.113310,1,hash
3.820077,0.000000,0.000000,0.906797,0.935095,0.262640,1,hash
2.181038,0.000000,0.000000,0.950187,0.976557,0.023792,1,hash
4.382121,0.000000,0.000000,0.846713,0.946857,0.198316,1,hash
2.580495,0.000000,0.000000,0.902710,0.904042,0.063795,1,hash
2.611513,0.000000,0.000000,0.965515,0.994525,0.134996,1,hash
3.858182,0.000000,0.000000,0.992400,0.928073,0.264872,1,hash
3.778795,0.000000,0.000000,0.852051,0.927745,0.224868,1,hash
3.382442,0.000000,0.000000,0.839239,0.978535,0.123776,1,hash
2.145270,0.000000,0.000000,0.886343,0.999886,0.253062,1,hash
3.869188,0.000000,0.000000,0.927089,0.918100,0.191552,1,hash
4.315740,0.000000,0.000000,0.807711,0.921497,0.251009,1,hash
2.757809,0.000000,0.000000,0.806421,0.943893,0.173796,1,hash
3.440478,0.000000,0.000000,0.968773,0.921107,0.006233,1,hash
2.869127,0.000000,0.000000,0.924759,0.937101,0.143182,1,hash
3.134317,0.000000,0.000000,0.902637,0.973075,0.153665,1,hash
3.730075,0.000000,0.000000,0.968759,0.965979,0.053606,1,hash
3.843211,0.000000,0.000000,0.944458,0.922089,0.051698,1,hash
4.111771,0.000000,0.000000,0.845370,0.970296,0.002316,1,hash
2.187465,0.000000,0.000000,0.814299,0.908560,0.255762,1,hash
2.378388,0.000000,0.000000,0.944785,0.960769,0.209022,1,hash
2.145086,0.000000,0.000000,0.853175,0.948712,0.068688,1,hash
2.729112,0.000000,0.000000,0.828444,0.915212,0.163778,1,hash
4.092803,0.000000,0.000000,0.856980,0.940008,0.045384,1,hash
2.434763,0.000000,0.000000,0.947755,0.989540,0.298243,1,hash
2.473032,0.000000,0.000000,0.929158,0.967228,0.081291,1,hash
2.202159,0.000000,0.000000,0.921462,0.983665,0.279394,1,hash
3.654337,0.000000,0.000000,0.812003,0.977235,0.143733,1,hash
2.984493,0.000000,0.000000,0.849701,0.967818,0.118274,1,hash
3.054506,0.000000,0.000000,0.862824,0.954710,0.232235,1,hash
3.106804,0.000000,0.000000,0.879580,0.941196,0.038857,1,hash
2.528947,0.000000,0.000000,0.836038,0.929380,0.146466,1,hash
3.237207,0.000000,0.000000,0.835079,0.934731,0.067215,1,hash
2.984307,0.000000,0.000000,0.996638,0.966728,0.073794,1,hash
2.957324,0.000000,0.000000,0.892031,0.959798,0.064507,1,hash
2.732468,0.000000,0.000000,0.970329,0.974702,0.180580,1,hash
3.913472,0.000000,0.000000,0.891546,0.991270,0.046830,1,hash
3.082920,0.000000,0.000000,0.948163,0.979283,0.260225,1,hash
4.315671,0.000000,0.000000,0.910695,0.988127,0.040446,1,hash
3.544236,0.000000,0.000000,0.978361,0.988655,0.209491,1,hash
4.004307,0.000000,0.000000,0.848741,0.957426,0.172102,1,hash
3.099353,0.000000,0.000000,0.995386,0.988243,0.271665,1,hash
2.296738,0.000000,0.000000,0.986876,0.916749,0.099870,1,hash
2.355561,0.000000,0.000000,0.819168,0.988294,0.132709,1,hash
3.558494,0.000000,0.000000,0.857776,0.924433,0.145520,1,hash
3.134978,0.000000,0.000000,0.806700,0.999289,0.211292,1,hash
2.379583,0.000000,0.000000,0.900575,0.939105,0.210935,1,hash
4.352986,0.000000,0.000000,0.952659,0.970788,0.096372,1,hash
3.876271,0.000000,0.000000,0.977868,0.910200,0.025683,1,hash
2.445202,0.000000,0.000000,0.859631,0.960198,0.127642,1,hash
3.066807,0.000000,0.000000,0.922184,0.996578,0.073524,1,hash
2.858403,0.000000,0.000000,0.910300,0.975421,0.128471,1,hash
2.859611,0.000000,0.000000,0.837765,0.991004,0.112941,1,hash
3.820757,0.000000,0.000000,0.814270,0.925706,0.229709,1,hash
2.356465,0.000000,0.000000,0.927018,0.999337,0.236543,1,hash
4.355696,0.000000,0.000000,0.952814,0.973392,0.180791,1,hash
2.147438,0.000000,0.000000,0.835069,0.983707,0.157293,1,hash
3.110827,0.000000,0.000000,0.877097,0.955841,0.014478,1,hash
4.086848,0.000000,0.000000,0.992281,0.905109,0.091037,1,hash
3.025048,0.000000,0.000000,0.830994,0.945785,0.260725,1,hash
3.979827,0.000000,0.000000,0.941237,0.933968,0.270249,1,hash
3.106550,0.000000,0.000000,0.908765,0.940826,0.164614,1,hash
3.786665,0.000000,0.000000,0.888698,0.938874,0.263171,1,hash
4.448011,0.000000,0.000000,0.839203,0.934108,0.021777,1,hash
4.491295,0.000000,0.000000,0.940460,0.974764,0.134027,1,hash
2.561425,0.000000,0.000000,0.823906,0.974958,0.145351,1,hash
2.252537,0.000000,0.000000,0.992564,0.984775,0.026415,1,hash
2.984216,0.000000,0.000000,0.993347,0.950360,0.025390,1,hash
3.551536,0.000000,0.000000,0.938987,0.954682,0.144624,1,hash
3.198769,0.000000,0.000000,0.977515,0.928613,0.012141,1,hash
3.768638,0.000000,0.000000,0.956371,0.968551,0.203258,1,hash
2.393888,0.000000,0.000000,0.868209,0.956865,0.098660,1,hash
2.176971,0.000000,0.000000,0.908852,0.989824,0.126495,1,hash
3.711422,0.000000,0.000000,0.915553,0.950327,0.149011,1,hash
3.713046,0.000000,0.000000,0.861366,0.994554,0.068846,1,hash
2.910663,0.000000,0.000000,0.854674,0.992449,0.272400,1,hash
2.996815,0.000000,0.000000,0.992739,0.994197,0.199791,1,hash
3.220971,0.000000,0.000000,0.897836,0.979775,0.227192,1,hash
2.479905,0.000000,0.000000,0.991906,0.943518,0.059391,1,hash
4.361475,0.000000,0.000000,0.937027,0.912989,0.083533,1,hash
2.681440,0.000000,0.000000,0.986771,0.996783,0.056246,1,hash
2.256696,0.000000,0.000000,0.926406,0.901877,0.168330,1,hash
3.583551,0.000000,0.000000,0.876629,0.930298,0.043379,1,hash
3.599313,0.000000,0.000000,0.929655,0.995424,0.181338,1,hash
4.448061,0.000000,0.000000,0.827711,0.914628,0.251037,1,hash
2.826850,0.000000,0.000000,0.891842,0.997818,0.002020,1,hash
3.145366,0.000000,0.000000,0.894524,0.956103,0.110361,1,hash
3.722880,0.000000,0.000000,0.924077,0.970123,0.062905,1,hash
2.617921,0.000000,0.000000,0.836374,0.932404,0.086962,1,hash
3.800985,0.000000,0.000000,0.845093,0.964940,0.292050,1,hash
5.521636,0.000000,0.000000,0.606788,0.867043,0.107036,1,encoding
5.461616,0.000000,0.000000,0.601772,0.838683,0.094112,1,encoding
4.047457,0.000000,0.000000,0.861278,0.836824,0.387634,1,encoding
3.136696,0.000000,0.000000,0.823327,0.911918,0.185994,1,encoding
3.018468,0.000000,0.000000,0.896470,0.892410,0.474429,1,encoding
5.001397,0.000000,0.000000,0.887332,0.931738,0.467465,1,encoding
3.473390,0.000000,0.000000,0.848463,0.974080,0.306715,1,encoding
3.836268,0.000000,0.000000,0.647234,0.990024,0.007458,1,encoding
5.324208,0.000000,0.000000,0.845230,0.821184,0.317528,1,encoding
3.974017,0.000000,0.000000,0.794631,0.817765,0.069419,1,encoding
4.082731,0.000000,0.000000,0.682509,0.892087,0.436244,1,encoding
3.701642,0.000000,0.000000,0.795623,0.928736,0.375648,1,encoding
6.285666,0.000000,0.000000,0.667093,0.955461,0.002724,1,encoding
5.622635,0.000000,0.000000,0.626686,0.904983,0.371970,1,encoding
3.586064,0.000000,0.000000,0.844236,0.980450,0.060136,1,encoding
4.017918,0.000000,0.000000,0.760564,0.952415,0.031246,1,encoding
3.472932,0.000000,0.000000,0.681314,0.813574,0.343666,1,encoding
5.495356,0.000000,0.000000,0.637510,0.903380,0.019484,1,encoding
3.441601,0.000000,0.000000,0.822151,0.860852,0.398465,1,encoding
4.975796,0.000000,0.000000,0.782102,0.988951,0.344947,1,encoding
3.497389,0.000000,0.000000,0.895088,0.992593,0.274835,1,encoding
5.247428,0.000000,0.000000,0.658545,0.853910,0.335822,1,encoding
3.930637,0.000000,0.000000,0.852025,0.950375,0.413025,1,encoding
4.813450,0.000000,0.000000,0.759747,0.913635,0.168064,1,encoding
3.878326,0.000000,0.000000,0.779037,0.933587,0.369300,1,encoding
3.696329,0.000000,0.000000,0.852871,0.814172,0.027072,1,encoding
5.948285,0.000000,0.000000,0.838916,0.914356,0.213546,1,encoding
4.860943,0.000000,0.000000,0.816452,0.930736,0.394342,1,encoding
5.788060,0.000000,0.000000,0.761177,0.855090,0.407094,1,encoding
5.360442,0.000000,0.000000,0.724303,0.838391,0.436535,1,encoding
5.318011,0.000000,0.000000,0.752445,0.850464,0.089901,1,encoding
5.921573,0.000000,0.000000,0.626659,0.978698,0.098755,1,encoding
3.293825,0.000000,0.000000,0.819988,0.832706,0.414650,1,encoding
5.376146,0.000000,0.000000,0.725688,0.917627,0.221762,1,encoding
5.207235,0.000000,0.000000,0.777305,0.988999,0.485456,1,encoding
5.536812,0.000000,0.000000,0.764664,0.944472,0.494969,1,encoding
4.531527,0.000000,0.000000,0.714491,0.869767,0.094074,1,encoding
4.915946,0.000000,0.000000,0.754632,0.801738,0.326462,1,encoding
3.235660,0.000000,0.000000,0.766707,0.924750,0.465480,1,encoding
6.112856,0.000000,0.000000,0.704536,0.875324,0.485512,1,encoding
3.142834,0.000000,0.000000,0.735746,0.983443,0.328611,1,encoding
5.949148,0.000000,0.000000,0.623424,0.834671,0.022357,1,encoding
3.077869,0.000000,0.000000,0.823544,0.870092,0.332481,1,encoding
4.824582,0.000000,0.000000,0.807015,0.912075,0.256032,1,encoding
3.789627,0.000000,0.000000,0.707478,0.810542,0.236260,1,encoding
3.815875,0.000000,0.000000,0.688294,0.923611,0.171538,1,encoding
4.781842,0.000000,0.000000,0.606054,0.839515,0.154632,1,encoding
5.162359,0.000000,0.000000,0.689449,0.997971,0.013377,1,encoding
5.374813,0.000000,0.000000,0.678741,0.813318,0.026726,1,encoding
5.364360,0.000000,0.000000,0.839384,0.944580,0.122729,1,encoding
3.308241,0.000000,0.000000,0.829866,0.949099,0.291836,1,encoding
3.868012,0.000000,0.000000,0.662832,0.801176,0.079348,1,encoding
5.022230,0.000000,0.000000,0.654653,0.845854,0.245739,1,encoding
3.916370,0.000000,0.000000,0.689112,0.948620,0.133413,1,encoding
3.856011,0.000000,0.000000,0.703069,0.889071,0.258725,1,encoding
5.509834,0.000000,0.000000,0.613172,0.961109,0.478017,1,encoding
5.538032,0.000000,0.000000,0.740958,0.922962,0.046578,1,encoding
3.000687,0.000000,0.000000,0.851668,0.987139,0.056031,1,encoding
3.421358,0.000000,0.000000,0.636736,0.868301,0.225091,1,encoding
5.493362,0.000000,0.000000,0.795095,0.811778,0.268099,1,encoding
4.586348,0.000000,0.000000,0.825384,0.824167,0.353170,1,encoding
4.918066,0.000000,0.000000,0.847262,0.909717,0.151839,1,encoding
6.001508,0.000000,0.000000,0.888299,0.854100,0.140990,1,encoding
6.014714,0.000000,0.000000,0.747282,0.996694,0.262025,1,encoding
4.628418,0.000000,0.000000,0.624878,0.867883,0.466191,1,encoding
3.625184,0.000000,0.000000,0.614956,0.956431,0.014603,1,encoding
5.607572,0.000000,0.000000,0.710556,0.825131,0.210519,1,encoding
4.726946,0.000000,0.000000,0.721278,0.889512,0.438460,1,encoding
4.434470,0.000000,0.000000,0.698768,0.997066,0.360768,1,encoding
5.281631,0.000000,0.000000,0.795030,0.857299,0.191297,1,encoding
4.158053,0.000000,0.000000,0.753966,0.968133,0.073450,1,encoding
4.269674,0.000000,0.000000,0.876566,0.935640,0.054923,1,encoding
4.965485,0.000000,0.000000,0.860604,0.891075,0.052389,1,encoding
4.504474,0.000000,0.000000,0.833963,0.843769,0.004937,1,encoding
5.162942,0.000000,0.000000,0.811452,0.917446,0.088843,1,encoding
4.085026,0.000000,0.000000,0.641815,0.808702,0.159166,1,encoding
6.259429,0.000000,0.000000,0.783900,0.820264,0.439765,1,encoding
4.583055,0.000000,0.000000,0.629511,0.805208,0.273278,1,encoding
4.381058,0.000000,0.000000,0.610314,0.872533,0.174893,1,encoding
6.372854,0.000000,0.000000,0.615996,0.904602,0.218077,1,encoding
4.420306,0.000000,0.000000,0.815496,0.868875,0.353812,1,encoding
6.035645,0.000000,0.000000,0.884125,0.913401,0.020748,1,encoding
4.557600,0.000000,0.000000,0.868488,0.983435,0.221783,1,encoding
4.795995,0.000000,0.000000,0.735373,0.964055,0.489754,1,encoding
4.105209,0.000000,0.000000,0.799158,0.848609,0.231012,1,encoding
4.712462,0.000000,0.000000,0.893872,0.985372,0.284767,1,encoding
3.812316,0.000000,0.000000,0.795451,0.984807,0.442118,1,encoding
3.447177,0.000000,0.000000,0.874706,0.931095,0.015760,1,encoding
5.906443,0.000000,0.000000,0.646705,0.873997,0.191667,1,encoding
4.461377,0.000000,0.000000,0.700893,0.947717,0.035022,1,encoding
3.137967,0.000000,0.000000,0.715935,0.924191,0.200733,1,encoding
4.701530,0.000000,0.000000,0.750491,0.804099,0.052441,1,encoding
5.139723,0.000000,0.000000,0.695187,0.890765,0.350842,1,encoding
4.582425,0.000000,0.000000,0.792917,0.957819,0.359519,1,encoding
3.448344,0.000000,0.000000,0.746279,0.851849,0.185999,1,encoding
3.779846,0.000000,0.000000,0.849589,0.885590,0.132579,1,encoding
3.536758,0.000000,0.000000,0.640181,0.904668,0.109957,1,encoding
5.484449,0.000000,0.000000,0.605878,0.898263,0.126303,1,encoding
4.309155,0.000000,0.000000,0.669724,0.850070,0.007185,1,encoding
6.291627,0.000000,0.000000,0.609813,0.936053,0.098553,1,encoding
3.248827,0.000000,0.000000,0.663487,0.953020,0.303147,1,encoding
6.118887,0.000000,0.000000,0.710105,0.918902,0.460329,1,encoding
5.868684,0.000000,0.000000,0.822519,0.863794,0.195352,1,encoding
4.393908,0.000000,0.000000,0.671581,0.818878,0.446694,1,encoding
5.506517,0.000000,0.000000,0.648305,0.925345,0.082864,1,encoding
4.260185,0.000000,0.000000,0.883160,0.985231,0.078239,1,encoding
5.357251,0.000000,0.000000,0.890886,0.925082,0.422800,1,encoding
3.101449,0.000000,0.000000,0.780140,0.866150,0.381850,1,encoding
5.138213,0.000000,0.000000,0.722248,0.930926,0.181338,1,encoding
5.702307,0.000000,0.000000,0.639261,0.815864,0.114867,1,encoding
6.188878,0.000000,0.000000,0.636510,0.813526,0.239428,1,encoding
6.160333,0.000000,0.000000,0.781782,0.916786,0.439634,1,encoding
3.795790,0.000000,0.000000,0.799210,0.819647,0.474145,1,encoding
3.381911,0.000000,0.000000,0.615834,0.924495,0.083907,1,encoding
4.590448,0.000000,0.000000,0.811694,0.887724,0.045079,1,encoding
3.866300,0.000000,0.000000,0.687466,0.993334,0.092347,1,encoding
5.407446,0.000000,0.000000,0.810000,0.891475,0.432209,1,encoding
4.447207,0.000000,0.000000,0.826731,0.984494,0.131061,1,encoding
6.040336,0.000000,0.000000,0.773556,0.923171,0.196759,1,encoding
4.380116,0.000000,0.000000,0.631113,0.893466,0.335297,1,encoding
6.181887,0.000000,0.000000,0.622047,0.888426,0.268857,1,encoding
4.753205,0.000000,0.000000,0.868109,0.901597,0.201792,1,encoding
5.761117,0.000000,0.000000,0.675647,0.969843,0.198173,1,encoding
3.306892,0.000000,0.000000,0.823929,0.996046,0.041780,1,encoding
3.959625,0.000000,0.000000,0.793511,0.811945,0.414713,1,encoding
3.188365,0.000000,0.000000,0.872423,0.800246,0.076973,1,encoding
3.274790,0.000000,0.000000,0.657901,0.909797,0.013794,1,encoding
5.286903,0.000000,0.000000,0.662241,0.981310,0.161200,1,encoding
4.750945,0.000000,0.000000,0.864875,0.810031,0.441460,1,encoding
4.428969,0.000000,0.000000,0.673243,0.926055,0.198031,1,encoding
3.664184,0.000000,0.000000,0.794465,0.966796,0.300519,1,encoding
3.841936,0.000000,0.000000,0.856592,0.950409,0.379288,1,encoding
4.626203,0.000000,0.000000,0.606025,0.986035,0.253690,1,encoding
3.965070,0.000000,0.000000,0.659208,0.928792,0.444842,1,encoding
3.698522,0.000000,0.000000,0.877387,0.812018,0.451925,1,encoding
5.481493,0.000000,0.000000,0.614651,0.921715,0.175669,1,encoding
5.771673,0.000000,0.000000,0.712696,0.968027,0.073394,1,encoding
5.455075,0.000000,0.000000,0.627612,0.927352,0.076867,1,encoding
4.032289,0.000000,0.000000,0.860852,0.816505,0.152090,1,encoding
3.972312,0.000000,0.000000,0.790844,0.841644,0.194659,1,encoding
3.359466,0.000000,0.000000,0.742390,0.935113,0.436215,1,encoding
4.382238,0.000000,0.000000,0.724386,0.841256,0.347566,1,encoding
6.036878,0.000000,0.000000,0.843531,0.876851,0.076757,1,encoding
4.923462,0.000000,0.000000,0.881467,0.992609,0.385423,1,encoding
6.317432,0.000000,0.000000,0.733466,0.817088,0.145178,1,encoding
5.084734,0.000000,0.000000,0.762139,0.988500,0.271606,1,encoding
6.031973,0.000000,0.000000,0.679718,0.814571,0.127697,1,encoding
4.829235,0.000000,0.000000,0.878076,0.863842,0.300135,1,encoding
4.240181,0.000000,0.000000,0.763554,0.969625,0.213443,1,encoding
4.096648,0.000000,0.000000,0.896110,0.827675,0.498738,1,encoding
6.282861,0.000000,0.000000,0.744760,0.874098,0.107067,1,encoding
4.039458,0.000000,0.000000,0.853189,0.853860,0.260344,1,encoding
3.869654,0.000000,0.000000,0.669950,0.841092,0.231273,1,encoding
4.950796,0.000000,0.000000,0.686962,0.984032,0.073811,1,encoding
3.584810,0.000000,0.000000,0.880027,0.894040,0.479537,1,encoding
5.757418,0.000000,0.000000,0.845804,0.855234,0.364819,1,encoding
4.238713,0.000000,0.000000,0.604034,0.994795,0.130744,1,encoding
5.309889,0.000000,0.000000,0.817476,0.873317,0.330957,1,encoding
6.409678,0.000000,0.000000,0.811401,0.849080,0.094039,1,encoding
4.010635,0.000000,0.000000,0.604119,0.992169,0.408953,1,encoding
3.516000,0.000000,0.000000,0.761766,0.861575,0.443264,1,encoding
4.905073,0.000000,0.000000,0.711319,0.830013,0.387207,1,encoding
4.887177,0.000000,0.000000,0.774174,0.848094,0.322664,1,encoding
3.832592,0.000000,0.000000,0.873309,0.924062,0.381857,1,encoding
3.043283,0.000000,0.000000,0.825223,0.957666,0.283141,1,encoding
3.736905,0.000000,0.000000,0.858241,0.815561,0.200305,1,encoding
3.337633,0.000000,0.000000,0.833985,0.818587,0.174198,1,encoding
4.070773,0.000000,0.000000,0.770171,0.867803,0.036899,1,encoding
6.434976,0.000000,0.000000,0.893778,0.800350,0.353550,1,encoding
6.403967,0.000000,0.000000,0.823499,0.823964,0.384558,1,encoding
5.172237,0.000000,0.000000,0.735556,0.894291,0.064441,1,encoding
6.107932,0.000000,0.000000,0.774723,0.896375,0.454637,1,encoding
4.948910,0.000000,0.000000,0.838347,0.814294,0.173142,1,encoding
6.391288,0.000000,0.000000,0.721966,0.869321,0.363077,1,encoding
5.490421,0.000000,0.000000,0.871359,0.841396,0.295670,1,encoding
3.844089,0.000000,0.000000,0.775039,0.911623,0.426718,1,encoding
3.608854,0.000000,0.000000,0.649121,0.805740,0.142229,1,encoding
5.505334,0.000000,0.000000,0.618396,0.981778,0.336802,1,encoding
3.755469,0.000000,0.000000,0.617421,0.800879,0.446711,1,encoding
4.213557,0.000000,0.000000,0.631138,0.831058,0.057845,1,encoding
5.066217,0.000000,0.000000,0.617978,0.965295,0.265201,1,encoding
3.009102,0.000000,0.000000,0.891665,0.968598,0.175474,1,encoding
4.068632,0.000000,0.000000,0.851283,0.865919,0.324037,1,encoding
3.363548,0.000000,0.000000,0.609322,0.874984,0.087942,1,encoding
6.292128,0.000000,0.000000,0.857867,0.825438,0.096107,1,encoding
6.384652,0.000000,0.000000,0.759407,0.985809,0.014550,1,encoding
3.784168,0.000000,0.000000,0.647883,0.985805,0.245887,1,encoding
5.645320,0.000000,0.000000,0.641825,0.905143,0.349111,1,encoding
5.622250,0.000000,0.000000,0.831635,0.948025,0.156516,1,encoding
3.460057,0.000000,0.000000,0.790985,0.914353,0.439242,1,encoding
3.392910,0.000000,0.000000,0.816422,0.835228,0.322142,1,encoding
4.579341,0.000000,0.000000,0.694186,0.885524,0.042073,1,encoding
6.339528,0.000000,0.000000,0.819282,0.849742,0.374448,1,encoding
5.823742,0.000000,0.000000,0.716164,0.823781,0.485835,1,encoding
3.322953,0.000000,0.000000,0.752329,0.880600,0.349840,1,encoding
4.792670,0.000000,0.000000,0.622567,0.824017,0.384226,1,encoding
5.213621,0.000000,0.000000,0.728010,0.825448,0.410707,1,encoding
4.798282,0.000000,0.000000,0.870969,0.872390,0.275385,1,encoding
5.513481,0.000000,0.000000,0.859760,0.898471,0.401045,1,encoding
3.963080,0.000000,0.000000,0.856036,0.877513,0.268903,1,encoding
6.678285,0.000000,0.814783,0.649363,,0.357336,1,compression
6.009276,0.000000,0.810740,0.601825,,0.372191,1,compression
6.028354,0.000000,0.896949,0.508641,,0.368902,1,compression
7.118367,0.000000,0.903910,0.605043,,0.367737,1,compression
7.380462,0.000000,0.816460,0.455352,,0.270590,1,compression
7.688767,0.000000,0.811729,0.622341,,0.173965,1,compression
6.058602,0.000000,0.938896,0.503333,,0.255471,1,compression
6.867892,0.000000,0.931263,0.597990,,0.471741,1,compression
7.399686,0.000000,0.890073,0.586429,,0.352884,1,compression
6.397700,0.000000,0.969077,0.482110,,0.364171,1,compression
6.516404,0.000000,0.922535,0.576879,,0.307705,1,compression
7.396816,0.000000,0.979623,0.464075,,0.233963,1,compression
7.963803,0.000000,0.902969,0.635423,,0.273430,1,compression
7.076313,0.000000,0.899055,0.557219,,0.441776,1,compression
7.377968,0.000000,0.889065,0.451237,,0.404416,1,compression
6.089900,0.000000,0.975752,0.531383,,0.374420,1,compression
7.928024,0.000000,0.909966,0.524632,,0.452230,1,compression
6.809380,0.000000,0.886688,0.658168,,0.423369,1,compression
6.391781,0.000000,0.843298,0.432054,,0.120342,1,compression
6.204508,0.000000,0.895623,0.453610,,0.246257,1,compression
7.322643,0.000000,0.823107,0.435502,,0.317445,1,compression
6.586789,0.000000,0.843623,0.546372,,0.362422,1,compression
6.115160,0.000000,0.905892,0.559727,,0.106565,1,compression
7.583087,0.000000,0.801519,0.455011,,0.335046,1,compression
7.671390,0.000000,0.917438,0.696721,,0.360284,1,compression
6.873614,0.000000,0.931509,0.443710,,0.250840,1,compression
6.462675,0.000000,0.812939,0.694519,,0.379166,1,compression
6.821071,0.000000,0.924555,0.650674,,0.308649,1,compression
7.859948,0.000000,0.967053,0.563227,,0.349336,1,compression
7.927674,0.000000,0.877696,0.653652,,0.350396,1,compression
6.479011,0.000000,0.806887,0.405576,,0.299484,1,compression
6.409383,0.000000,0.809772,0.640012,,0.481345,1,compression
6.450538,0.000000,0.982118,0.476263,,0.162754,1,compression
6.314538,0.000000,0.896407,0.614477,,0.373930,1,compression
7.176198,0.000000,0.995114,0.676988,,0.171785,1,compression
7.611570,0.000000,0.887015,0.488227,,0.159220,1,compression
7.333683,0.000000,0.976657,0.667037,,0.294071,1,compression
6.512821,0.000000,0.823644,0.695303,,0.120578,1,compression
7.601582,0.000000,0.951004,0.630439,,0.292004,1,compression
7.682566,0.000000,0.862403,0.564795,,0.433098,1,compression
7.620082,0.000000,0.811533,0.494734,,0.138131,1,compression
6.745468,0.000000,0.934445,0.684950,,0.232881,1,compression
7.738382,0.000000,0.820046,0.452413,,0.184455,1,compression
7.200705,0.000000,0.829518,0.544944,,0.407363,1,compression
7.102879,0.000000,0.814277,0.675679,,0.445678,1,compression
6.569748,0.000000,0.835492,0.614424,,0.274732,1,compression
7.352718,0.000000,0.967393,0.476690,,0.478943,1,compression
7.119669,0.000000,0.990907,0.601358,,0.115629,1,compression
7.338125,0.000000,0.911132,0.672673,,0.103549,1,compression
7.570068,0.000000,0.967327,0.582706,,0.453851,1,compression
7.664373,0.000000,0.883389,0.562575,,0.453677,1,compression
7.969969,0.000000,0.863405,0.478501,,0.113598,1,compression
6.614368,0.000000,0.957439,0.630149,,0.293950,1,compression
6.646675,0.000000,0.953706,0.509939,,0.296463,1,compression
7.845947,0.000000,0.940837,0.574937,,0.369965,1,compression
7.249118,0.000000,0.860287,0.438105,,0.410502,1,compression
7.104572,0.000000,0.804423,0.451440,,0.354113,1,compression
7.329947,0.000000,0.898458,0.421652,,0.195146,1,compression
7.179560,0.000000,0.806753,0.510362,,0.295041,1,compression
7.493901,0.000000,0.849300,0.469843,,0.114932,1,compression
6.714982,0.000000,0.899867,0.574392,,0.247706,1,compression
7.364428,0.000000,0.942373,0.423656,,0.269140,1,compression
7.642769,0.000000,0.996342,0.465513,,0.119371,1,compression
7.745983,0.000000,0.895760,0.588661,,0.233989,1,compression
6.558243,0.000000,0.979318,0.609231,,0.209370,1,compression
7.790245,0.000000,0.988610,0.564095,,0.290562,1,compression
6.854619,0.000000,0.855045,0.477485,,0.425270,1,compression
6.931953,0.000000,0.824297,0.442128,,0.102382,1,compression
6.218759,0.000000,0.933821,0.419585,,0.344246,1,compression
7.037110,0.000000,0.803729,0.603402,,0.285110,1,compression
6.066055,0.000000,0.810971,0.605053,,0.144568,1,compression
7.185875,0.000000,0.836556,0.665552,,0.415122,1,compression
7.960117,0.000000,0.843386,0.604995,,0.110913,1,compression
6.587414,0.000000,0.837418,0.692559,,0.327746,1,compression
6.141982,0.000000,0.851495,0.625663,,0.228905,1,compression
6.537277,0.000000,0.813617,0.695613,,0.136044,1,compression
6.169873,0.000000,0.962804,0.563701,,0.422520,1,compression
7.949304,0.000000,0.969898,0.541997,,0.294084,1,compression
6.829121,0.000000,0.987098,0.434801,,0.123555,1,compression
6.594594,0.000000,0.914467,0.653597,,0.450668,1,compression
7.697436,0.000000,0.966485,0.657636,,0.436659,1,compression
7.846168,0.000000,0.840952,0.609046,,0.276253,1,compression
6.376171,0.000000,0.855914,0.616137,,0.359738,1,compression
7.742612,0.000000,0.990143,0.582809,,0.117851,1,compression
7.153537,0.000000,0.806739,0.579199,,0.135549,1,compression
7.658870,0.000000,0.978252,0.681828,,0.141943,1,compression
7.544665,0.000000,0.839230,0.675495,,0.148337,1,compression
6.300071,0.000000,0.950916,0.604284,,0.498858,1,compression
7.544326,0.000000,0.800344,0.433997,,0.456366,1,compression
6.316283,0.000000,0.985432,0.440414,,0.154343,1,compression
7.740810,0.000000,0.991585,0.544986,,0.297049,1,compression
6.232902,0.000000,0.846925,0.665976,,0.199198,1,compression
7.047865,0.000000,0.923368,0.668166,,0.212534,1,compression
7.127224,0.000000,0.803259,0.416494,,0.102233,1,compression
7.072353,0.000000,0.854206,0.667166,,0.307810,1,compression
6.923762,0.000000,0.862562,0.596591,,0.463379,1,compression
7.882606,0.000000,0.959435,0.598910,,0.293309,1,compression
6.529769,0.000000,0.931772,0.428096,,0.166622,1,compression
6.161145,0.000000,0.807368,0.678438,,0.144278,1,compression
6.832025,0.000000,0.924746,0.453099,,0.417725,1,compression
6.463417,0.000000,0.979219,0.664837,,0.303895,1,compression
6.289002,0.000000,0.830632,0.469800,,0.269870,1,compression
6.990601,0.000000,0.904157,0.573716,,0.145487,1,compression
6.342372,0.000000,0.914017,0.612296,,0.359227,1,compression
7.587882,0.000000,0.938135,0.685095,,0.421136,1,compression
6.306501,0.000000,0.988447,0.494249,,0.351835,1,compression
7.701700,0.000000,0.850340,0.452187,,0.357438,1,compression
6.188877,0.000000,0.985933,0.538738,,0.212191,1,compression
6.521312,0.000000,0.894035,0.617363,,0.237456,1,compression
7.756704,0.000000,0.909041,0.579489,,0.234780,1,compression
7.884637,0.000000,0.893260,0.445300,,0.332388,1,compression
7.264272,0.000000,0.905680,0.467997,,0.232867,1,compression
6.210743,0.000000,0.918939,0.545009,,0.186849,1,compression
6.994498,0.000000,0.866644,0.692026,,0.392027,1,compression
6.325103,0.000000,0.951394,0.585130,,0.385989,1,compression
6.568307,0.000000,0.925912,0.677629,,0.123574,1,compression
7.428370,0.000000,0.857333,0.661268,,0.116625,1,compression
6.534341,0.000000,0.803881,0.499533,,0.279355,1,compression
6.004206,0.000000,0.986202,0.678493,,0.125384,1,compression
6.912132,0.000000,0.908981,0.506780,,0.157540,1,compression
7.988835,0.000000,0.965587,0.640081,,0.167852,1,compression
7.542757,0.000000,0.898375,0.541838,,0.463802,1,compression
7.396936,0.000000,0.929494,0.503311,,0.129127,1,compression
6.726350,0.000000,0.986334,0.618253,,0.228568,1,compression
7.078690,0.000000,0.988398,0.553760,,0.176071,1,compression
6.808472,0.000000,0.933350,0.402057,,0.491172,1,compression
6.109168,0.000000,0.819648,0.405146,,0.117377,1,compression
6.324620,0.000000,0.834430,0.456032,,0.300537,1,compression
7.188263,0.000000,0.942663,0.511157,,0.439884,1,compression
7.270320,0.000000,0.866525,0.482715,,0.362067,1,compression
6.921736,0.000000,0.959557,0.596688,,0.163132,1,compression
6.869947,0.000000,0.971542,0.568456,,0.211613,1,compression
6.923464,0.000000,0.806138,0.593143,,0.160814,1,compression
6.512130,0.000000,0.824264,0.536245,,0.373398,1,compression
7.506463,0.000000,0.813343,0.458776,,0.488690,1,compression
7.017536,0.000000,0.912473,0.645529,,0.406238,1,compression
6.191407,0.000000,0.973263,0.615750,,0.472380,1,compression
7.943591,0.000000,0.898904,0.450616,,0.231484,1,compression
7.207172,0.000000,0.880248,0.488258,,0.107123,1,compression
7.197572,0.000000,0.887977,0.504570,,0.328725,1,compression
7.196331,0.000000,0.987942,0.481168,,0.152208,1,compression
6.869510,0.000000,0.817710,0.538319,,0.329074,1,compression
7.440597,0.000000,0.887105,0.468353,,0.290441,1,compression
7.469104,0.000000,0.808567,0.669970,,0.420167,1,compression
7.348468,0.000000,0.877261,0.434715,,0.274199,1,compression
6.244478,0.000000,0.848992,0.601686,,0.499187,1,compression
7.475146,0.000000,0.815871,0.574562,,0.375482,1,compression
6.634307,0.000000,0.949579,0.523515,,0.281373,1,compression
6.411415,0.000000,0.899566,0.459919,,0.174403,1,compression
7.936235,0.000000,0.957128,0.675709,,0.475226,1,compression
6.181041,0.000000,0.853496,0.414923,,0.168299,1,compression
6.380432,0.000000,0.920980,0.637655,,0.134459,1,compression
6.703974,0.000000,0.813598,0.431764,,0.478841,1,compression
7.554022,0.000000,0.824308,0.486518,,0.221980,1,compression
7.078851,0.000000,0.918505,0.548564,,0.475586,1,compression
7.736280,0.000000,0.861263,0.449990,,0.389386,1,compression
6.404757,0.000000,0.965318,0.472527,,0.159604,1,compression
6.259689,0.000000,0.901242,0.614263,,0.206574,1,compression
7.380362,0.000000,0.857724,0.616690,,0.120957,1,compression
6.808297,0.000000,0.944389,0.497361,,0.172068,1,compression
6.896729,0.000000,0.816965,0.540701,,0.199168,1,compression
6.441801,0.000000,0.957301,0.507338,,0.318136,1,compression
7.443176,0.000000,0.967579,0.458088,,0.484729,1,compression
7.257621,0.000000,0.832897,0.648662,,0.389349,1,compression
6.958356,0.000000,0.910078,0.582377,,0.374188,1,compression
7.738841,0.000000,0.917073,0.485538,,0.231541,1,compression
7.529103,0.000000,0.981610,0.438105,,0.432863,1,compression
6.944066,0.000000,0.857039,0.428044,,0.383651,1,compression
6.564330,0.000000,0.973264,0.605033,,0.331593,1,compression
7.491374,0.000000,0.850790,0.522559,,0.421849,1,compression
7.025496,0.000000,0.853143,0.421666,,0.224433,1,compression
7.884073,0.000000,0.932075,0.536470,,0.250910,1,compression
7.843232,0.000000,0.974023,0.576570,,0.490545,1,compression
7.897402,0.000000,0.935026,0.609950,,0.204732,1,compression
6.457071,0.000000,0.859375,0.634689,,0.134691,1,compression
7.940929,0.000000,0.829352,0.679984,,0.436798,1,compression
7.739692,0.000000,0.807157,0.676921,,0.273063,1,compression
6.348547,0.000000,0.847886,0.630156,,0.494338,1,compression
7.137598,0.000000,0.849866,0.600951,,0.419880,1,compression
6.069287,0.000000,0.946454,0.473498,,0.255634,1,compression
6.549211,0.000000,0.806671,0.470608,,0.375833,1,compression
7.074958,0.000000,0.893441,0.690843,,0.324948,1,compression
6.042577,0.000000,0.959617,0.402992,,0.461197,1,compression
6.769747,0.000000,0.847338,0.637796,,0.487369,1,compression
6.649505,0.000000,0.884629,0.500378,,0.160263,1,compression
7.951281,0.000000,0.926178,0.664404,,0.252921,1,compression
6.581155,0.000000,0.939848,0.502838,,0.418391,1,compression
7.264728,0.000000,0.818752,0.621311,,0.383621,1,compression
7.765557,0.000000,0.829360,0.604228,,0.449903,1,compression
7.573308,0.000000,0.910948,0.596728,,0.268505,1,compression
7.959544,0.000000,0.955457,0.484342,,0.116430,1,compression
6.748811,0.000000,0.994343,0.528600,,0.423237,1,compression
6.652584,0.000000,0.806790,0.504068,,0.112016,1,compression
7.683851,0.000000,0.804065,0.454080,,0.459257,1,compression
6.964395,0.000000,0.828744,0.643221,,0.124203,1,compression
6.498451,0.000000,0.925339,0.480390,,0.398925,1,compression
6.821206,0.000000,0.872546,0.416059,,0.277536,1,compression
6.395530,0.000000,0.932509,0.493901,,0.194694,1,compression
6.783862,0.000000,0.975980,0.513498,,0.290577,1,compression
6.823637,0.000000,0.973296,0.571753,,0.205934,1,compression
7.360059,0.796520,0.000000,0.257902,,0.106758,1,encrypted
7.598317,0.773830,0.000000,0.200472,,0.300758,1,encrypted
7.937613,0.783049,0.000000,0.237267,,0.260998,1,encrypted
7.630939,0.733550,0.000000,0.234124,,0.327778,1,encrypted
7.173427,0.605221,0.000000,0.261566,,0.253500,1,encrypted
7.596671,0.700856,0.000000,0.270804,,0.311843,1,encrypted
7.517683,0.608708,0.000000,0.418901,,0.220969,1,encrypted
7.565355,0.663830,0.000000,0.229914,,0.341792,1,encrypted
7.629777,0.718892,0.000000,0.451772,,0.152178,1,encrypted
7.736148,0.735604,0.000000,0.344626,,0.200641,1,encrypted
7.910172,0.716379,0.000000,0.357621,,0.305008,1,encrypted
7.999120,0.989430,0.000000,0.403667,,0.340229,1,encrypted
7.881675,0.972227,0.000000,0.235597,,0.384136,1,encrypted
7.019309,0.968410,0.000000,0.471568,,0.277341,1,encrypted
7.289112,0.720137,0.000000,0.381495,,0.313694,1,encrypted
7.549744,0.817691,0.000000,0.240173,,0.313362,1,encrypted
7.665526,0.927062,0.000000,0.221097,,0.270578,1,encrypted
7.290007,0.814338,0.000000,0.490671,,0.239172,1,encrypted
7.181195,0.919067,0.000000,0.479490,,0.391110,1,encrypted
7.129983,0.787160,0.000000,0.219364,,0.346378,1,encrypted
7.707802,0.724739,0.000000,0.260960,,0.126757,1,encrypted
7.701560,0.651518,0.000000,0.220157,,0.188745,1,encrypted
7.892681,0.951900,0.000000,0.334474,,0.178081,1,encrypted
7.918112,0.915771,0.000000,0.328194,,0.134682,1,encrypted
7.738389,0.800261,0.000000,0.326051,,0.136510,1,encrypted
7.183076,0.787872,0.000000,0.448343,,0.310143,1,encrypted
7.089236,0.653296,0.000000,0.226518,,0.304786,1,encrypted
7.787521,0.926961,0.000000,0.366927,,0.313716,1,encrypted
7.993897,0.636061,0.000000,0.314652,,0.345270,1,encrypted
7.529754,0.666729,0.000000,0.332632,,0.182816,1,encrypted
7.147337,0.642549,0.000000,0.261097,,0.345499,1,encrypted
7.423740,0.740399,0.000000,0.490091,,0.216936,1,encrypted
7.763131,0.804944,0.000000,0.467599,,0.358425,1,encrypted
7.634262,0.980946,0.000000,0.218450,,0.313464,1,encrypted
7.037334,0.996941,0.000000,0.209348,,0.201172,1,encrypted
7.937369,0.812344,0.000000,0.330835,,0.224062,1,encrypted
7.714998,0.728884,0.000000,0.462674,,0.377812,1,encrypted
7.801172,0.618512,0.000000,0.438874,,0.118849,1,encrypted
7.308204,0.607312,0.000000,0.328295,,0.385838,1,encrypted
7.109331,0.983173,0.000000,0.346770,,0.207897,1,encrypted
7.048732,0.639737,0.000000,0.207474,,0.146910,1,encrypted
7.376084,0.676331,0.000000,0.254102,,0.256615,1,encrypted
7.713842,0.791485,0.000000,0.258619,,0.235008,1,encrypted
7.994048,0.809207,0.000000,0.312428,,0.171419,1,encrypted
7.333761,0.850242,0.000000,0.225065,,0.213573,1,encrypted
7.727688,0.736220,0.000000,0.408184,,0.211612,1,encrypted
7.399267,0.943309,0.000000,0.251353,,0.128374,1,encrypted
7.938796,0.782331,0.000000,0.364288,,0.383575,1,encrypted
7.064575,0.967255,0.000000,0.497457,,0.352055,1,encrypted
7.739940,0.760161,0.000000,0.311678,,0.199191,1,encrypted
7.555867,0.764100,0.000000,0.273831,,0.282525,1,encrypted
7.564498,0.784966,0.000000,0.214664,,0.248505,1,encrypted
7.499770,0.653913,0.000000,0.341218,,0.132781,1,encrypted
7.860872,0.711409,0.000000,0.284959,,0.292668,1,encrypted
7.044117,0.877929,0.000000,0.413998,,0.147418,1,encrypted
7.722791,0.785922,0.000000,0.419042,,0.116889,1,encrypted
7.397941,0.788863,0.000000,0.327772,,0.303146,1,encrypted
7.774470,0.881141,0.000000,0.329481,,0.298632,1,encrypted
7.538627,0.817107,0.000000,0.219987,,0.168151,1,encrypted
7.782259,0.880877,0.000000,0.256655,,0.266589,1,encrypted
7.571604,0.901651,0.000000,0.361795,,0.109980,1,encrypted
7.202279,0.801915,0.000000,0.258516,,0.243122,1,encrypted
7.932342,0.755273,0.000000,0.309735,,0.388981,1,encrypted
7.938171,0.973818,0.000000,0.217634,,0.126228,1,encrypted
7.076228,0.738627,0.000000,0.295052,,0.231308,1,encrypted
7.107768,0.791314,0.000000,0.220412,,0.192635,1,encrypted
7.118360,0.870039,0.000000,0.339924,,0.217097,1,encrypted
7.406567,0.839195,0.000000,0.489346,,0.301456,1,encrypted
7.191343,0.960058,0.000000,0.275406,,0.389444,1,encrypted
7.497905,0.736402,0.000000,0.286102,,0.249848,1,encrypted
7.412723,0.906249,0.000000,0.243661,,0.222235,1,encrypted
7.881870,0.793738,0.000000,0.428816,,0.163151,1,encrypted
7.133515,0.928850,0.000000,0.451364,,0.104478,1,encrypted
7.470757,0.865664,0.000000,0.249454,,0.257603,1,encrypted
7.259652,0.879807,0.000000,0.388796,,0.349924,1,encrypted
7.107255,0.916058,0.000000,0.335851,,0.272466,1,encrypted
7.139285,0.992554,0.000000,0.439031,,0.381907,1,encrypted
7.272703,0.667378,0.000000,0.379854,,0.263972,1,encrypted
7.197369,0.921448,0.000000,0.426751,,0.112731,1,encrypted
7.409537,0.943427,0.000000,0.403376,,0.113439,1,encrypted
7.986348,0.741140,0.000000,0.246293,,0.120378,1,encrypted
7.030282,0.916196,0.000000,0.242600,,0.168869,1,encrypted
7.789789,0.883454,0.000000,0.490066,,0.183810,1,encrypted
7.750151,0.709649,0.000000,0.210971,,0.233850,1,encrypted
7.753469,0.749563,0.000000,0.334702,,0.348293,1,encrypted
7.157141,0.914639,0.000000,0.461291,,0.369731,1,encrypted
7.630880,0.972326,0.000000,0.486856,,0.302889,1,encrypted
7.875971,0.656328,0.000000,0.474703,,0.347188,1,encrypted
7.534193,0.712182,0.000000,0.438665,,0.378809,1,encrypted
7.976621,0.803547,0.000000,0.443078,,0.187185,1,encrypted
7.942560,0.916468,0.000000,0.435743,,0.215415,1,encrypted
7.757299,0.964948,0.000000,0.473894,,0.294299,1,encrypted
7.508030,0.848490,0.000000,0.219789,,0.278329,1,encrypted
7.254576,0.859353,0.000000,0.440395,,0.150239,1,encrypted
7.639450,0.604573,0.000000,0.294532,,0.364780,1,encrypted
7.950259,0.934421,0.000000,0.382230,,0.144095,1,encrypted
7.693598,0.698191,0.000000,0.463611,,0.338530,1,encrypted
7.172351,0.872686,0.000000,0.368524,,0.278010,1,encrypted
7.226941,0.705179,0.000000,0.347165,,0.141071,1,encrypted
7.340970,0.623390,0.000000,0.450291,,0.100802,1,encrypted
7.669079,0.603705,0.000000,0.339836,,0.161414,1,encrypted
7.769968,0.667991,0.000000,0.319594,,0.250829,1,encrypted
7.474435,0.791377,0.000000,0.210784,,0.319247,1,encrypted
7.734877,0.741983,0.000000,0.487389,,0.328698,1,encrypted
7.825083,0.712851,0.000000,0.392744,,0.228394,1,encrypted
7.185262,0.803704,0.000000,0.495349,,0.280030,1,encrypted
7.525818,0.808723,0.000000,0.343580,,0.188597,1,encrypted
7.230384,0.916635,0.000000,0.275142,,0.306794,1,encrypted
7.289110,0.926687,0.000000,0.371217,,0.396163,1,encrypted
7.520035,0.956739,0.000000,0.206654,,0.279643,1,encrypted
7.101320,0.997390,0.000000,0.214901,,0.230773,1,encrypted
7.900017,0.890189,0.000000,0.333457,,0.373022,1,encrypted
7.586484,0.938856,0.000000,0.434916,,0.175968,1,encrypted
7.132059,0.776180,0.000000,0.280353,,0.323759,1,encrypted
7.260155,0.831872,0.000000,0.295652,,0.122521,1,encrypted
7.038374,0.746863,0.000000,0.337660,,0.287435,1,encrypted
7.629701,0.802590,0.000000,0.350398,,0.281810,1,encrypted
7.309003,0.985315,0.000000,0.281309,,0.276708,1,encrypted
7.069506,0.871367,0.000000,0.493843,,0.244723,1,encrypted
7.213923,0.869762,0.000000,0.214215,,0.322327,1,encrypted
7.325078,0.636675,0.000000,0.276461,,0.104554,1,encrypted
7.569342,0.972587,0.000000,0.479180,,0.214996,1,encrypted
7.190681,0.796434,0.000000,0.366257,,0.391770,1,encrypted
7.987661,0.951369,0.000000,0.409754,,0.286244,1,encrypted
7.394226,0.893930,0.000000,0.417457,,0.115387,1,encrypted
7.212405,0.943479,0.000000,0.384056,,0.355493,1,encrypted
7.137645,0.965650,0.000000,0.480729,,0.261319,1,encrypted
7.920901,0.868419,0.000000,0.454114,,0.301956,1,encrypted
7.008518,0.794015,0.000000,0.319274,,0.125639,1,encrypted
7.277262,0.870126,0.000000,0.265087,,0.281865,1,encrypted
7.280428,0.671374,0.000000,0.210715,,0.184745,1,encrypted
7.685980,0.951175,0.000000,0.499263,,0.164094,1,encrypted
7.312672,0.770570,0.000000,0.490006,,0.265015,1,encrypted
7.577658,0.728051,0.000000,0.211687,,0.357819,1,encrypted
7.414934,0.900790,0.000000,0.472470,,0.274146,1,encrypted
7.020050,0.856483,0.000000,0.430705,,0.218208,1,encrypted
7.695357,0.825769,0.000000,0.226522,,0.105247,1,encrypted
7.340777,0.792572,0.000000,0.362959,,0.373519,1,encrypted
7.917648,0.633336,0.000000,0.283390,,0.230714,1,encrypted
7.783687,0.629038,0.000000,0.266860,,0.278310,1,encrypted
7.507519,0.781916,0.000000,0.402540,,0.235022,1,encrypted
7.595833,0.787144,0.000000,0.252440,,0.179147,1,encrypted
7.776846,0.981258,0.000000,0.488904,,0.395628,1,encrypted
7.496352,0.626937,0.000000,0.329336,,0.208539,1,encrypted
7.486291,0.952462,0.000000,0.274180,,0.233662,1,encrypted
7.676384,0.986865,0.000000,0.346484,,0.182314,1,encrypted
7.547577,0.807241,0.000000,0.250393,,0.192231,1,encrypted
7.029401,0.714911,0.000000,0.227927,,0.275326,1,encrypted
7.369440,0.923129,0.000000,0.435669,,0.396217,1,encrypted
7.848265,0.715941,0.000000,0.376735,,0.132504,1,encrypted
7.263023,0.680904,0.000000,0.457931,,0.161327,1,encrypted
7.945626,0.949932,0.000000,0.280204,,0.124998,1,encrypted
7.601873,0.959156,0.000000,0.336884,,0.350891,1,encrypted
7.209768,0.916725,0.000000,0.265560,,0.119680,1,encrypted
7.396817,0.905016,0.000000,0.281194,,0.365099,1,encrypted
7.566632,0.793179,0.000000,0.496787,,0.180395,1,encrypted
7.766078,0.626727,0.000000,0.470108,,0.129965,1,encrypted
7.568036,0.907553,0.000000,0.380440,,0.296555,1,encrypted
7.840704,0.994574,0.000000,0.432207,,0.323645,1,encrypted
7.003349,0.835000,0.000000,0.494955,,0.288422,1,encrypted
7.066670,0.725694,0.000000,0.270658,,0.174807,1,encrypted
7.669701,0.657933,0.000000,0.389644,,0.258260,1,encrypted
7.150147,0.968239,0.000000,0.379666,,0.299818,1,encrypted
7.667486,0.803767,0.000000,0.381747,,0.128017,1,encrypted
7.094646,0.834569,0.000000,0.361279,,0.260228,1,encrypted
7.050529,0.870591,0.000000,0.412460,,0.187410,1,encrypted
7.574823,0.675373,0.000000,0.356192,,0.332716,1,encrypted
7.871127,0.719122,0.000000,0.230362,,0.382084,1,encrypted
7.997322,0.772843,0.000000,0.356743,,0.114546,1,encrypted
7.301595,0.845963,0.000000,0.234071,,0.132556,1,encrypted
7.437949,0.954012,0.000000,0.470045,,0.373963,1,encrypted
7.876602,0.795847,0.000000,0.313483,,0.105109,1,encrypted
7.594120,0.822431,0.000000,0.270714,,0.193309,1,encrypted
7.776178,0.808229,0.000000,0.452284,,0.266495,1,encrypted
7.762823,0.666517,0.000000,0.488576,,0.304196,1,encrypted
7.571527,0.942451,0.000000,0.361115,,0.305890,1,encrypted
7.930150,0.609898,0.000000,0.450643,,0.330959,1,encrypted
7.616842,0.893853,0.000000,0.464710,,0.213300,1,encrypted
7.545853,0.928253,0.000000,0.389406,,0.268466,1,encrypted
7.195025,0.790073,0.000000,0.474241,,0.125158,1,encrypted
7.085219,0.902433,0.000000,0.459501,,0.245083,1,encrypted
7.574639,0.913481,0.000000,0.276749,,0.149545,1,encrypted
7.500010,0.662176,0.000000,0.335119,,0.164270,1,encrypted
7.208274,0.870664,0.000000,0.470276,,0.267899,1,encrypted
7.611394,0.709799,0.000000,0.490999,,0.390200,1,encrypted
7.478234,0.736805,0.000000,0.399481,,0.324956,1,encrypted
7.001248,0.904701,0.000000,0.218715,,0.324423,1,encrypted
7.253632,0.964965,0.000000,0.481784,,0.335155,1,encrypted
7.590061,0.627511,0.000000,0.255711,,0.388163,1,encrypted
7.294973,0.870160,0.000000,0.379359,,0.110316,1,encrypted
7.730149,0.693981,0.000000,0.395545,,0.290095,1,encrypted
7.120104,0.634915,0.000000,0.439567,,0.367840,1,encrypted
7.350524,0.640969,0.000000,0.461059,,0.114788,1,encrypted
7.211581,0.719362,0.000000,0.266236,,0.110729,1,encrypted
7.684668,0.744985,0.000000,0.380586,,0.272848,1,encrypted
7.521194,0.643194,0.000000,0.266262,,0.237871,1,encrypted
7.690839,0.775547,0.000000,0.232353,,0.130542,1,encrypted
7.699784,0.954161,0.000000,0.367543,,0.323709,1,encrypted
7.067461,0.813599,0.000000,0.357675,,0.394170,1,encrypted
7.927640,0.729955,0.000000,0.443211,,0.238258,1,encrypted
3.404311,0.000000,0.000000,0.019226,,0.059083,0,plaintext
3.038324,0.000000,0.000000,0.115309,,0.034008,0,plaintext
3.212543,0.000000,0.000000,0.072444,,0.103381,0,plaintext
4.387574,0.000000,0.000000,0.015965,,0.069027,0,plaintext
3.887899,0.000000,0.000000,0.022525,,0.053440,0,plaintext
3.797023,0.000000,0.000000,0.032858,,0.000296,0,plaintext
3.486500,0.000000,0.000000,0.054944,,0.158419,0,plaintext
2.234327,0.000000,0.000000,0.010857,,0.114530,0,plaintext
3.165430,0.000000,0.000000,0.029065,,0.030263,0,plaintext
4.058426,0.000000,0.000000,0.017336,,0.177829,0,plaintext
3.590490,0.000000,0.000000,0.134557,,0.179233,0,plaintext
2.053103,0.000000,0.000000,0.126425,,0.190561,0,plaintext
3.721728,0.000000,0.000000,0.152642,,0.038426,0,plaintext
2.683854,0.000000,0.000000,0.041206,,0.102189,0,plaintext
2.049896,0.000000,0.000000,0.149572,,0.015931,0,plaintext
3.750009,0.000000,0.000000,0.172065,,0.070021,0,plaintext
3.140305,0.000000,0.000000,0.031079,,0.005938,0,plaintext
2.521789,0.000000,0.000000,0.152143,,0.094239,0,plaintext
3.789371,0.000000,0.000000,0.075607,,0.106546,0,plaintext
3.753744,0.000000,0.000000,0.054865,,0.072839,0,plaintext
4.398793,0.000000,0.000000,0.199344,,0.103278,0,plaintext
3.099452,0.000000,0.000000,0.008534,,0.100932,0,plaintext
2.629108,0.000000,0.000000,0.050756,,0.072955,0,plaintext
4.103507,0.000000,0.000000,0.140021,,0.005575,0,plaintext
2.065808,0.000000,0.000000,0.197852,,0.096758,0,plaintext
4.114311,0.000000,0.000000,0.004246,,0.094446,0,plaintext
3.032409,0.000000,0.000000,0.062832,,0.190057,0,plaintext
3.403185,0.000000,0.000000,0.059468,,0.092278,0,plaintext
2.496768,0.000000,0.000000,0.033405,,0.189334,0,plaintext
4.429633,0.000000,0.000000,0.186802,,0.113751,0,plaintext
3.571849,0.000000,0.000000,0.131765,,0.034019,0,plaintext
2.013220,0.000000,0.000000,0.197199,,0.030402,0,plaintext
2.587338,0.000000,0.000000,0.129077,,0.015419,0,plaintext
4.216995,0.000000,0.000000,0.044028,,0.111061,0,plaintext
3.699029,0.000000,0.000000,0.157242,,0.186715,0,plaintext
3.336253,0.000000,0.000000,0.163538,,0.173287,0,plaintext
3.196552,0.000000,0.000000,0.134000,,0.176218,0,plaintext
3.071014,0.000000,0.000000,0.199980,,0.181511,0,plaintext
2.730936,0.000000,0.000000,0.175846,,0.196829,0,plaintext
3.641403,0.000000,0.000000,0.170022,,0.065484,0,plaintext
3.917233,0.000000,0.000000,0.174403,,0.029413,0,plaintext
2.510858,0.000000,0.000000,0.150660,,0.183175,0,plaintext
2.799221,0.000000,0.000000,0.150309,,0.099154,0,plaintext
3.266808,0.000000,0.000000,0.097299,,0.108366,0,plaintext
4.343516,0.000000,0.000000,0.094498,,0.020685,0,plaintext
4.200089,0.000000,0.000000,0.160691,,0.060529,0,plaintext
3.801248,0.000000,0.000000,0.105286,,0.159554,0,plaintext
4.494725,0.000000,0.000000,0.119546,,0.008845,0,plaintext
3.069941,0.000000,0.000000,0.001564,,0.039273,0,plaintext
2.933777,0.000000,0.000000,0.158153,,0.104223,0,plaintext
3.299385,0.000000,0.000000,0.145362,,0.087806,0,plaintext
3.362223,0.000000,0.000000,0.113317,,0.115580,0,plaintext
2.887998,0.000000,0.000000,0.049075,,0.024083,0,plaintext
3.696799,0.000000,0.000000,0.138240,,0.031145,0,plaintext
4.046337,0.000000,0.000000,0.045096,,0.013822,0,plaintext
2.277219,0.000000,0.000000,0.004712,,0.132614,0,plaintext
3.355306,0.000000,0.000000,0.133771,,0.104453,0,plaintext
2.272761,0.000000,0.000000,0.146740,,0.049789,0,plaintext
2.320609,0.000000,0.000000,0.086572,,0.104726,0,plaintext
4.228327,0.000000,0.000000,0.079065,,0.088816,0,plaintext
4.018328,0.000000,0.000000,0.164482,,0.152169,0,plaintext
4.377929,0.000000,0.000000,0.120785,,0.061116,0,plaintext
3.801285,0.000000,0.000000,0.164737,,0.130635,0,plaintext
4.271711,0.000000,0.000000,0.105894,,0.059658,0,plaintext
2.540955,0.000000,0.000000,0.087513,,0.047143,0,plaintext
3.519579,0.000000,0.000000,0.188307,,0.107010,0,plaintext
3.838499,0.000000,0.000000,0.065203,,0.181198,0,plaintext
4.281189,0.000000,0.000000,0.025404,,0.045576,0,plaintext
3.588174,0.000000,0.000000,0.138663,,0.068313,0,plaintext
3.927306,0.000000,0.000000,0.043273,,0.083994,0,plaintext
4.246444,0.000000,0.000000,0.014552,,0.155862,0,plaintext
3.589250,0.000000,0.000000,0.014617,,0.117559,0,plaintext
3.877286,0.000000,0.000000,0.192894,,0.159338,0,plaintext
2.733292,0.000000,0.000000,0.037625,,0.117729,0,plaintext
2.066927,0.000000,0.000000,0.035531,,0.135419,0,plaintext
3.624298,0.000000,0.000000,0.175115,,0.023003,0,plaintext
2.855642,0.000000,0.000000,0.190189,,0.032962,0,plaintext
2.961983,0.000000,0.000000,0.170796,,0.149619,0,plaintext
3.872844,0.000000,0.000000,0.185640,,0.168239,0,plaintext
2.126239,0.000000,0.000000,0.074888,,0.180229,0,plaintext
3.003873,0.000000,0.000000,0.171007,,0.000254,0,plaintext
4.399219,0.000000,0.000000,0.160352,,0.076852,0,plaintext
3.423809,0.000000,0.000000,0.079828,,0.188417,0,plaintext
2.839450,0.000000,0.000000,0.153604,,0.045631,0,plaintext
3.974144,0.000000,0.000000,0.142875,,0.130768,0,plaintext
3.296857,0.000000,0.000000,0.141931,,0.153471,0,plaintext
4.418603,0.000000,0.000000,0.085169,,0.125360,0,plaintext
3.962604,0.000000,0.000000,0.147695,,0.035291,0,plaintext
4.497211,0.000000,0.000000,0.031336,,0.094829,0,plaintext
2.920467,0.000000,0.000000,0.158088,,0.049510,0,plaintext
3.024681,0.000000,0.000000,0.134918,,0.077515,0,plaintext
3.323267,0.000000,0.000000,0.007028,,0.061980,0,plaintext
2.635215,0.000000,0.000000,0.163089,,0.145281,0,plaintext
2.860263,0.000000,0.000000,0.193280,,0.035062,0,plaintext
4.027987,0.000000,0.000000,0.048682,,0.024990,0,plaintext
2.398974,0.000000,0.000000,0.027416,,0.124739,0,plaintext
3.570884,0.000000,0.000000,0.007148,,0.071468,0,plaintext
2.548475,0.000000,0.000000,0.141000,,0.078837,0,plaintext
3.768459,0.000000,0.000000,0.031250,,0.084579,0,plaintext
3.327068,0.000000,0.000000,0.179752,,0.179459,0,plaintext
4.141136,0.000000,0.000000,0.033144,,0.180940,0,plaintext
2.875831,0.000000,0.000000,0.151261,,0.176038,0,plaintext
2.607987,0.000000,0.000000,0.100522,,0.101854,0,plaintext
3.990139,0.000000,0.000000,0.078636,,0.009914,0,plaintext
4.331741,0.000000,0.000000,0.083004,,0.099316,0,plaintext
3.265580,0.000000,0.000000,0.017963,,0.170443,0,plaintext
2.967466,0.000000,0.000000,0.069282,,0.166663,0,plaintext
3.930333,0.000000,0.000000,0.181661,,0.127174,0,plaintext
3.284709,0.000000,0.000000,0.054977,,0.148996,0,plaintext
4.182870,0.000000,0.000000,0.090057,,0.145316,0,plaintext
4.048863,0.000000,0.000000,0.188430,,0.166101,0,plaintext
4.439866,0.000000,0.000000,0.068516,,0.033964,0,plaintext
3.123618,0.000000,0.000000,0.087415,,0.155463,0,plaintext
2.359792,0.000000,0.000000,0.196448,,0.166909,0,plaintext
4.032754,0.000000,0.000000,0.124467,,0.103912,0,plaintext
3.995937,0.000000,0.000000,0.087422,,0.109604,0,plaintext
4.162853,0.000000,0.000000,0.162047,,0.058043,0,plaintext
2.133653,0.000000,0.000000,0.173294,,0.173385,0,plaintext
3.701298,0.000000,0.000000,0.095779,,0.065904,0,plaintext
2.578894,0.000000,0.000000,0.192669,,0.095877,0,plaintext
2.666116,0.000000,0.000000,0.055440,,0.093820,0,plaintext
2.730946,0.000000,0.000000,0.010542,,0.020072,0,plaintext
2.055059,0.000000,0.000000,0.024942,,0.140693,0,plaintext
3.281198,0.000000,0.000000,0.198666,,0.021447,0,plaintext
3.707556,0.000000,0.000000,0.081312,,0.096677,0,plaintext
4.264958,0.000000,0.000000,0.065584,,0.152373,0,plaintext
3.434927,0.000000,0.000000,0.124165,,0.063806,0,plaintext
4.338459,0.000000,0.000000,0.112033,,0.050588,0,plaintext
2.344315,0.000000,0.000000,0.005671,,0.003955,0,plaintext
2.110761,0.000000,0.000000,0.147371,,0.126967,0,plaintext
3.707052,0.000000,0.000000,0.075686,,0.058671,0,plaintext
2.274474,0.000000,0.000000,0.090250,,0.024695,0,plaintext
3.143463,0.000000,0.000000,0.007734,,0.183697,0,plaintext
2.581455,0.000000,0.000000,0.192857,,0.157942,0,plaintext
3.896774,0.000000,0.000000,0.080856,,0.167287,0,plaintext
3.105080,0.000000,0.000000,0.058909,,0.084767,0,plaintext
2.405891,0.000000,0.000000,0.197524,,0.025795,0,plaintext
4.401930,0.000000,0.000000,0.019576,,0.013012,0,plaintext
4.297382,0.000000,0.000000,0.106563,,0.023541,0,plaintext
2.014321,0.000000,0.000000,0.123599,,0.023610,0,plaintext
2.857128,0.000000,0.000000,0.014863,,0.187383,0,plaintext
4.026433,0.000000,0.000000,0.094669,,0.045295,0,plaintext
3.712038,0.000000,0.000000,0.075086,,0.060115,0,plaintext
2.152173,0.000000,0.000000,0.034453,,0.068255,0,plaintext
2.563837,0.000000,0.000000,0.142316,,0.046008,0,plaintext
2.336472,0.000000,0.000000,0.008140,,0.084818,0,plaintext
2.985096,0.000000,0.000000,0.095623,,0.133091,0,plaintext
3.321305,0.000000,0.000000,0.064054,,0.016054,0,plaintext
2.049736,0.000000,0.000000,0.146848,,0.050075,0,plaintext
4.454421,0.000000,0.000000,0.190424,,0.179905,0,plaintext
3.076562,0.000000,0.000000,0.079096,,0.197528,0,plaintext
2.640299,0.000000,0.000000,0.159163,,0.026270,0,plaintext
2.523227,0.000000,0.000000,0.140924,,0.066983,0,plaintext
2.775989,0.000000,0.000000,0.005594,,0.110619,0,plaintext
2.328191,0.000000,0.000000,0.064093,,0.191531,0,plaintext
3.556921,0.000000,0.000000,0.122090,,0.133264,0,plaintext
4.493622,0.000000,0.000000,0.033869,,0.137512,0,plaintext
2.882723,0.000000,0.000000,0.054302,,0.136351,0,plaintext
2.110614,0.000000,0.000000,0.045788,,0.157362,0,plaintext
2.793137,0.000000,0.000000,0.110256,,0.025589,0,plaintext
3.080373,0.000000,0.000000,0.065096,,0.026104,0,plaintext
2.324069,0.000000,0.000000,0.156165,,0.061503,0,plaintext
4.117138,0.000000,0.000000,0.051186,,0.166922,0,plaintext
3.609603,0.000000,0.000000,0.084584,,0.009304,0,plaintext
3.774692,0.000000,0.000000,0.013428,,0.059875,0,plaintext
3.257335,0.000000,0.000000,0.114582,,0.045416,0,plaintext
2.629347,0.000000,0.000000,0.186016,,0.055364,0,plaintext
3.137988,0.000000,0.000000,0.082587,,0.053841,0,plaintext
4.040473,0.000000,0.000000,0.142579,,0.041506,0,plaintext
2.670835,0.000000,0.000000,0.072799,,0.153962,0,plaintext
3.751753,0.000000,0.000000,0.052976,,0.178671,0,plaintext
3.714001,0.000000,0.000000,0.170764,,0.083188,0,plaintext
3.317467,0.000000,0.000000,0.039600,,0.100777,0,plaintext
3.676755,0.000000,0.000000,0.002168,,0.080828,0,plaintext
3.137916,0.000000,0.000000,0.124540,,0.103864,0,plaintext
3.185602,0.000000,0.000000,0.090259,,0.108203,0,plaintext
4.476885,0.000000,0.000000,0.136796,,0.018130,0,plaintext
3.233509,0.000000,0.000000,0.072874,,0.188524,0,plaintext
3.024158,0.000000,0.000000,0.095360,,0.145709,0,plaintext
4.361856,0.000000,0.000000,0.178974,,0.008266,0,plaintext
2.417271,0.000000,0.000000,0.017033,,0.117951,0,plaintext
3.752964,0.000000,0.000000,0.010210,,0.016741,0,plaintext
2.337438,0.000000,0.000000,0.046014,,0.016939,0,plaintext
3.514163,0.000000,0.000000,0.173982,,0.006565,0,plaintext
4.059129,0.000000,0.000000,0.059085,,0.178005,0,plaintext
2.492900,0.000000,0.000000,0.109638,,0.037311,0,plaintext
4.141816,0.000000,0.000000,0.105430,,0.026313,0,plaintext
4.179345,0.000000,0.000000,0.048004,,0.117927,0,plaintext
3.812395,0.000000,0.000000,0.175937,,0.184823,0,plaintext
3.947264,0.000000,0.000000,0.197818,,0.033888,0,plaintext
2.453853,0.000000,0.000000,0.147152,,0.050475,0,plaintext
3.546038,0.000000,0.000000,0.081438,,0.016985,0,plaintext
3.159352,0.000000,0.000000,0.189291,,0.112581,0,plaintext
3.576107,0.000000,0.000000,0.068803,,0.073815,0,plaintext
3.236712,0.000000,0.000000,0.153769,,0.196044,0,plaintext
2.680897,0.000000,0.000000,0.070995,,0.037632,0,plaintext
3.518696,0.000000,0.000000,0.152027,,0.037221,0,plaintext
3.582613,0.000000,0.000000,0.060897,,0.031473,0,plaintext
2.290075,0.000000,0.000000,0.078387,,0.160423,0,plaintext
2.685712,0.000000,0.000000,0.063432,,0.110578,0,plaintext
